"Student ID","Undergrad Degree","Undergrad Grade","MBA Grade","Work Experience","Employability (Before)","Employability (After)","Status","Annual Salary"
"1","Business","68.4","90.2","0","252","276","Placed","111000"
"2","Business","62.1","92.8","0","423","410","0t Placed",""
"3","Computer Science","70.2","68.7","1","101","119","Placed","107000"
"4","Engineering","75.1","80.7","0","288","334","0t Placed",""
"5","Finance","60.9","74.9","0","248","252","0t Placed",""
"6","Computer Science","74.5","80.7","0","145","209","0t Placed",""
"7","Finance","76.4","83.3","0","401","462","Placed","109000"
"8","Business","82.6","88.7","0","287","342","Placed","148000"
"9","Finance","76.9","75.4","0","275","347","Placed","255500"
"10","Computer Science","83.3","82.1","0","254","313","Placed","103500"
"11","Business","75.8","87.5","0","182","232","0t Placed",""
"12","Engineering","76","66.9","0","117","163","Placed","114500"
"13","Business","62.8","71.3","0","130","119","0t Placed",""
"14","Engineering","82.8","76.8","0","219","304","Placed","124000"
"15","Business","76","72.3","0","152","211","Placed","132500"
"16","Finance","76.9","72.4","0","228","286","Placed","99000"
"17","Computer Science","75.8","72.0","1","62","122","0t Placed",""
"18","Art","78","81.0","0","393","443","Placed","124000"
"19","Business","82.4","96.1","0","277","366","0t Placed",""
"20","Computer Science","76.2","76.7","0","206","244","0t Placed",""
"21","Business","62.5","80.3","0","229","241","0t Placed",""
"22","Art","78","77.8","0","182","237","Placed","82000"
"23","Engineering","66.5","62.6","0","98","122","0t Placed",""
"24","Computer Science","63.5","80.2","0","125","129","0t Placed",""
"25","Business","82.6","79.1","0","164","236","Placed","185000"
"26","Computer Science","79.2","77.8","0","186","251","Placed","89500"
"27","Computer Science","75","75.1","0","235","283","Placed","91500"
"28","Art","74.4","82.2","0","184","225","0t Placed",""
"29","Finance","67.9","70.5","0","76","102","0t Placed",""
"30","Art","76.8","70.8","0","126","180","Placed","113500"
"31","Business","83","87.5","0","183","247","0t Placed",""
"32","Computer Science","88.9","79.5","0","242","343","0t Placed",""
"33","Business","76.5","80.8","0","207","283","0t Placed",""
"34","Finance","79.9","79.6","1","181","253","Placed","99000"
"35","Business","70.4","88.9","0","239","263","0t Placed",""
"36","Art","83.4","85.9","0","216","291","Placed","75500"
"37","Business","79.2","82.3","1","289","368","Placed","86000"
"38","Engineering","61.2","76.7","0","213","206","0t Placed",""
"39","Art","64","79.9","0","209","231","0t Placed",""
"40","Art","68","86.2","1","376","389","0t Placed",""
"41","Engineering","78.5","79.2","0","332","396","Placed","156500"
"42","Business","83","83.4","1","249","339","Placed","99500"
"43","Finance","75.2","85.2","1","228","286","Placed","148000"
"44","Business","68.1","77.8","0","124","146","0t Placed",""
"45","Finance","93.6","80.2","0","194","315","Placed","82000"
"46","Business","75.6","71.0","1","157","183","0t Placed",""
"47","Business","82.3","87.2","0","402","481","Placed","103500"
"48","Business","71.4","82.9","0","323","349","0t Placed",""
"49","Engineering","71.9","73.5","0","181","225","Placed","205500"
"50","Art","79.1","74.6","0","157","217","Placed","103500"
"51","Business","88.7","75.1","1","266","353","Placed","340000"
"52","Engineering","69.4","85.1","0","268","314","0t Placed",""
"53","Business","80.3","74.9","1","167","247","Placed","103500"
"54","Finance","83","84.6","1","342","410","Placed","99500"
"55","Business","74.1","81.7","1","349","395","Placed","103000"
"56","Engineering","79.4","81.4","0","340","416","Placed","103500"
"57","Business","88.1","83.8","1","227","342","Placed","165000"
"58","Computer Science","74.6","88.5","1","409","446","Placed","124500"
"59","Computer Science","87.1","84.9","1","400","477","Placed","103500"
"60","Computer Science","79.7","84.3","0","374","444","Placed","82500"
"61","Computer Science","82.1","78.2","0","255","351","Placed","93000"
"62","Finance","70.2","80.0","0","146","165","0t Placed",""
"63","Business","81.7","74.8","0","248","317","Placed","168000"
"64","Computer Science","76.1","78.5","0","198","250","Placed","96000"
"65","Engineering","65.4","71.8","1","210","217","0t Placed",""
"66","Engineering","70.1","69.9","1","107","138","0t Placed",""
"67","Business","75.3","82.7","1","239","302","Placed","80000"
"68","Computer Science","68.7","74.0","0","287","311","0t Placed",""
"69","Business","75.7","84.0","1","340","373","Placed","124500"
"70","Computer Science","68.7","84.7","0","155","196","0t Placed",""
"71","Engineering","70.4","78.2","1","263","306","Placed","99000"
"72","Engineering","68.3","85.0","1","265","302","0t Placed",""
"73","Business","71.7","80.1","0","249","278","0t Placed",""
"74","Computer Science","70.9","85.3","0","377","429","0t Placed",""
"75","Engineering","66.3","79.7","0","301","338","Placed","124000"
"76","Business","65.3","79.6","0","242","261","0t Placed",""
"77","Business","75.7","78.9","0","211","256","0t Placed",""
"78","Finance","66","78.5","0","160","183","Placed","91500"
"79","Business","78.9","72.0","0","218","274","Placed","144500"
"80","Business","74","74.2","0","133","182","0t Placed",""
"81","Business","74.6","71.7","0","122","183","0t Placed",""
"82","Engineering","79.3","80.7","0","236","309","Placed","114500"
"83","Engineering","70.1","84.1","0","143","178","0t Placed",""
"84","Business","88.8","87.4","0","354","458","Placed","104500"
"85","Business","66","77.4","1","214","234","Placed","124000"
"86","Art","82.9","84.7","1","225","306","Placed","113000"
"87","Business","100","78.8","0","261","400","Placed","78000"
"88","Business","75.6","92.7","0","277","402.457789","0t Placed",""
"89","Finance","67.5","88.8","0","282","404.915578","Placed","109000"
"90","Computer Science","68.7","86.6","0","322","407.373367","0t Placed",""
"91","Business","76","77.9","0","326","409.831156","Placed","99500"
"92","Computer Science","67.7","86.1","0","421","412.288945","Placed","107000"
"93","Engineering","75.3","89.9","0","368","414.746734","0t Placed",""
"94","Engineering","68.1","83.1","0","279","417.204523","Placed","84000"
"95","Finance","63.3","82.6","0","268","419.662312","0t Placed",""
"96","Business","68.4","65.0","1","261","422.120101","Placed","98650"
"97","Computer Science","62.1","59.0","0","261","424.57789","Placed","107000"
"98","Engineering","70.2","66.7","0","261","427.035679","0t Placed",""
"99","Finance","75.1","71.3","0","261","429.493468","Placed","102150"
"100","Art","60.9","57.9","0","261","431.951257","0t Placed",""
"101","Business","74.5","70.8","0","261","434.409046","Placed","109000"
"102","Computer Science","76.4","72.6","0","261","436.866835","Placed","148000"
"103","Engineering","82.6","78.5","0","261","439.324624","0t Placed",""
"104","Finance","76.9","73.1","0","261","441.782413","Placed","103500"
"105","Art","83.3","79.1","0","261","444.240202","0t Placed",""
"106","Business","75.8","72.0","1","260","446.697991","Placed","114500"
"107","Computer Science","76","72.2","0","260","449.15578","Placed","60000"
"108","Engineering","62.8","59.7","0","260","451.613569","0t Placed",""
"109","Finance","82.8","78.7","0","260","454.071358","Placed","132500"
"110","Art","78","74.1","0","260","456.529147","0t Placed",""
"111","Business","82.4","78.3","0","260","458.986936","Placed","85600"
"112","Computer Science","76.2","72.4","0","260","461.444725","Placed","124000"
"113","Engineering","62.5","59.4","0","260","463.902514","0t Placed",""
"114","Finance","66.5","63.2","0","260","466.360303","Placed","45900"
"115","Art","63.5","60.3","0","260","468.818092","0t Placed",""
"116","Business","79.2","75.2","1","260","471.275881","Placed","82000"
"117","Computer Science","75","71.2","0","259","473.73367","Placed","63780"
"118","Engineering","74.4","70.7","0","259","476.191459","0t Placed",""
"119","Finance","67.9","64.5","0","259","478.649248","Placed","185000"
"120","Art","76.8","73.0","0","259","481.107037","0t Placed",""
"121","Business","83","78.8","0","259","483.564826","Placed","91500"
"122","Computer Science","88.9","84.5","0","259","486.022615","Placed","87500"
"123","Engineering","76.5","72.7","0","259","488.480404","0t Placed",""
"124","Finance","79.9","75.9","0","259","490.938193","Placed","113500"
"125","Art","70.4","66.9","0","259","493.395982","0t Placed",""
"126","Business","83.4","79.2","1","259","495.853771","Placed","71200"
"127","Computer Science","61.2","58.1","0","259","498.31156","Placed","89280"
"128","Engineering","64","60.8","0","259","500.769349","0t Placed",""
"129","Finance","68","64.6","0","258","503.227138","Placed","76900"
"130","Art","78.5","74.6","0","258","505.684927","0t Placed",""
"131","Business","75.2","71.4","0","258","508.142716","Placed","86000"
"132","Computer Science","68.1","64.7","0","258","510.600505","Placed","91450"
"133","Engineering","93.6","88.9","0","258","513.058294","0t Placed",""
"134","Finance","75.6","71.8","0","258","515.516083","Placed","131690"
"135","Art","82.3","78.2","0","258","517.973872","0t Placed",""
"136","Business","71.4","67.8","1","258","520.431661","Placed","99500"
"137","Computer Science","71.9","68.3","0","258","522.88945","Placed","148000"
"138","Engineering","79.1","75.1","0","258","525.347239","0t Placed",""
"139","Finance","88.7","84.3","0","258","527.805028","Placed","82000"
"140","Art","69.4","65.9","0","258","530.262817","0t Placed",""
"141","Business","80.3","76.3","0","257","532.720606","Placed","103500"
"142","Computer Science","74.1","70.4","0","257","535.178395","Placed","81800"
"143","Engineering","79.4","75.4","0","257","537.636184","0t Placed",""
"144","Finance","88.1","83.7","0","257","540.093973","Placed","103500"
"145","Art","74.6","70.9","0","257","542.551762","0t Placed",""
"146","Business","87.1","82.7","1","257","545.009551","Placed","123000"
"147","Computer Science","79.7","75.7","0","257","547.46734","Placed","103500"
"148","Engineering","82.1","78.0","0","257","549.925129","0t Placed",""
"149","Finance","81.7","77.6","0","257","552.382918","Placed","103000"
"150","Art","76.1","72.3","0","257","554.840707","0t Placed",""
"151","Business","65.4","62.1","0","257","557.298496","Placed","165000"
"152","Computer Science","70.1","66.6","0","256","559.756285","Placed","124500"
"153","Engineering","75.3","71.5","0","256","562.214074","0t Placed",""
"154","Finance","68.7","65.3","0","256","564.671863","Placed","82500"
"155","Art","75.7","71.9","0","256","567.129652","0t Placed",""
"156","Business","68.3","64.9","1","256","569.587441","Placed","20000"
"157","Computer Science","71.7","68.1","0","256","572.04523","Placed","168000"
"158","Engineering","70.9","67.4","0","256","574.503019","0t Placed",""
"159","Finance","66.3","63.0","0","256","576.960808","Placed","38000"
"160","Art","65.3","62.0","0","256","579.418597","0t Placed",""
"161","Business","66","62.7","0","256","581.876386","Placed","80000"
"162","Computer Science","78.9","75.0","0","256","584.334175","Placed","56000"
"163","Engineering","74","70.3","0","256","586.791964","0t Placed",""
"164","Finance","79.3","75.3","0","255","589.249753","Placed","86000"
"165","Art","88.8","84.4","0","255","591.707542","0t Placed",""
"166","Business","82.9","78.8","1","255","594.165331","Placed","59000"
"167","Computer Science","100","95.0","0","255","596.62312","Placed","96500"
"168","Engineering","67.5","64.1","0","255","599.080909","0t Placed",""
"169","Finance","68.5","65.1","0","255","601.538698","Placed","124000"
"170","Art","69.5","66.0","0","255","603.996487","0t Placed",""
"171","Business","70.5","67.0","0","255","606.454276","Placed","38000"
"172","Computer Science","71.5","67.9","0","255","608.912065","Placed","91500"
"173","Engineering","72.5","68.9","0","255","611.369854","0t Placed",""
"174","Finance","73.5","69.8","0","255","613.827643","Placed","100500"
"175","Art","74.5","70.8","0","255","616.285432","0t Placed",""
"176","Business","75.5","71.7","1","254","618.743221","Placed","114500"
"177","Computer Science","76.5","72.7","0","254","621.20101","Placed","100500"
"178","Engineering","77.5","73.6","0","254","623.658799","0t Placed",""
"179","Finance","78.5","74.6","0","254","626.116588","Placed","124000"
"180","Art","79.5","75.5","0","254","628.574377","0t Placed",""
"181","Business","80.5","76.5","0","254","631.032166","Placed","78000"
"182","Computer Science","81.5","77.4","0","254","633.489955","Placed","100500"
"183","Engineering","82.5","78.4","0","254","635.947744","0t Placed",""
"184","Finance","83.5","79.3","0","254","638.405533","Placed","100500"
"185","Art","84.5","80.3","0","254","640.863322","0t Placed",""
"186","Business","85.5","81.2","1","254","643.321111","Placed","107000"
"187","Computer Science","86.5","82.2","0","254","645.7789","Placed","100500"
"188","Engineering","87.5","83.1","0","253","648.236689","0t Placed",""
"189","Finance","88.5","84.1","0","253","650.694478","Placed","163666.66666667"
"190","Art","89.5","85.0","0","253","653.152267","0t Placed",""
"191","Business","10","9.5","0","253","655.610056","Placed","100500"
"192","Computer Science","15","14.2","0","253","658.067845","Placed","159666.66666667"
"193","Engineering","20","19.0","0","253","660.525634","0t Placed",""
"194","Finance","25.5","24.2","0","253","662.983423","Placed","100500"
"195","Art","30","28.5","0","253","665.441212","0t Placed",""
"196","Business","35","33.2","1","253","667.899001","Placed","162333.33333333"
"197","Computer Science","40","38.0","0","253","670.35679","Placed","214333.33333333"
"198","Engineering","45.5","43.2","0","253","672.814579","0t Placed",""
"199","Finance","50","47.5","0","252","675.272368","Placed","155000"
"200","Art","55","52.2","0","252","677.730157","0t Placed",""
"201","Business","60.5","57.5","0","252","680.187946","Placed","169666.66666667"
"202","Computer Science","65","61.8","0","252","682.645735","Placed","100500"
"203","Engineering","70","66.5","0","252","685.103524","0t Placed",""
"204","Finance","75","71.2","0","252","687.561313","Placed","193666.66666667"
"205","Art","80","76.0","0","252","690.019102","0t Placed",""
"206","Business","85","80.8","1","252","692.476891","Placed","100500"
"207","Computer Science","90","85.5","0","252","694.93468","Placed","182333.33333333"
"208","Engineering","95.8","91.0","0","252","697.392469","0t Placed",""
"209","Finance","13","12.3","0","252","102","Placed","100500"
"210","Art","26","24.7","0","252","105.3","0t Placed",""
"211","Business","39","37.0","0","251","108.6","Placed","126333.33333333"
"212","Computer Science","52.1","49.5","0","251","111.9","Placed","100500"
"213","Engineering","65","61.8","0","251","115.2","0t Placed",""
"214","Finance","78","74.1","0","251","118.5","Placed","263666.66666667"
"215","Art","91.4","86.8","0","251","121.8","0t Placed",""
"216","Business","26","24.7","1","251","125.1","Placed","139000"
"217","Computer Science","27.5","26.1","0","251","128.4","Placed","100500"
"218","Engineering","29","27.5","0","251","131.7","0t Placed",""
"219","Finance","30.5","29.0","0","251","135","Placed","168333.33333333"
"220","Art","32","30.4","0","251","138.3","0t Placed",""
"221","Business","33.5","31.8","0","251","141.6","Placed","100500"
"222","Computer Science","35","33.2","0","251","144.9","Placed","100500"
"223","Engineering","36.5","34.7","0","250","148.2","0t Placed",""
"224","Finance","38","36.1","0","250","151.5","Placed","100500"
"225","Art","39.5","37.5","0","250","154.8","0t Placed",""
"226","Business","41","38.9","1","250","158.1","Placed","131666.66666667"
"227","Computer Science","42.5","40.4","0","250","161.4","Placed","100500"
"228","Engineering","44","41.8","0","250","164.7","0t Placed",""
"229","Finance","45.5","43.2","0","250","168","Placed","100500"
"230","Art","47","44.6","0","250","171.3","0t Placed",""
"231","Business","48.5","46.1","0","250","174.6","Placed","149666.66666667"
"232","Computer Science","50","47.5","0","250","177.9","Placed","214333.33333333"
"233","Engineering","51.5","48.9","0","250","181.2","0t Placed",""
"234","Finance","53","50.3","0","249","184.5","Placed","126333.33333333"
"235","Art","54.5","51.8","0","249","187.8","0t Placed",""
"236","Business","56","53.2","1","249","191.1","Placed","155000"
"237","Computer Science","57.5","54.6","0","249","194.4","Placed","100500"
"238","Engineering","59","56.0","0","249","197.7","0t Placed",""
"239","Finance","60.5","57.5","0","249","201","Placed","155000"
"240","Art","62","58.9","0","249","204.3","0t Placed",""
"241","Business","63.5","60.3","0","249","207.6","Placed","100500"
"242","Computer Science","65","61.8","0","249","210.9","Placed","155000"
"243","Engineering","66.5","63.2","0","249","214.2","0t Placed",""
"244","Finance","68","64.6","0","249","217.5","Placed","154333.33333333"
"245","Art","69.5","66.0","0","249","220.8","0t Placed",""
"246","Business","71","67.5","1","248","224.1","Placed","237000"
"247","Computer Science","72.5","68.9","0","248","227.4","Placed","183000"
"248","Engineering","74","70.3","0","248","230.7","0t Placed",""
"249","Finance","75.5","71.7","0","248","234","Placed","127000"
"250","Art","77","73.1","0","248","237.3","0t Placed",""
"251","Business","78.5","74.6","0","248","240.6","Placed","100500"
"252","Computer Science","80","76.0","0","248","243.9","Placed","241000"
"253","Engineering","81.5","77.4","0","248","247.2","0t Placed",""
"254","Finance","83","78.8","0","248","250.5","Placed","100500"
"255","Art","84.5","80.3","0","248","253.8","0t Placed",""
"256","Business","86","81.7","1","248","257.1","Placed","123666.66666667"
"257","Computer Science","87.5","83.1","0","248","260.4","Placed","100500"
"258","Engineering","89","84.5","0","247","263.7","0t Placed",""
"259","Finance","90.5","86.0","0","247","267","Placed","100500"
"260","Art","92","87.4","0","247","270.3","0t Placed",""
"261","Business","93.5","88.8","0","247","273.6","Placed","100500"
"262","Computer Science","95","90.2","0","247","276.9","Placed","100500"
"263","Engineering","96.5","91.7","0","247","280.2","0t Placed",""
"264","Finance","98","93.1","0","247","283.5","Placed","182333.33333333"
"265","Art","99.5","94.5","0","247","286.8","0t Placed",""
"266","Business","11.1","10.5","1","247","290.1","Placed","100500"
"267","Computer Science","11.8","11.2","0","247","293.4","Placed","139000"
"268","Engineering","12.5","11.9","0","247","296.7","0t Placed",""
"269","Finance","13.2","12.5","0","246","300","Placed","100500"
"270","Art","13.9","13.2","0","246","303.3","0t Placed",""
"271","Business","14.6","13.9","0","246","306.6","Placed","169666.66666667"
"272","Computer Science","15.3","14.5","0","246","309.9","Placed","100500"
"273","Engineering","16","15.2","0","246","313.2","0t Placed",""
"274","Finance","16.7","15.9","0","246","316.5","Placed","182333.33333333"
"275","Art","17.4","16.5","0","246","319.8","0t Placed",""
"276","Business","18.1","17.2","1","246","323.1","Placed","121000"
"277","Computer Science","18.8","17.9","0","246","326.4","Placed","100500"
"278","Engineering","19.5","18.5","0","246","329.7","0t Placed",""
"279","Finance","20.2","19.2","0","246","333","Placed","100500"
"280","Art","20.9","19.9","0","246","336.3","0t Placed",""
"281","Business","21.6","20.5","0","245","339.6","Placed","159666.66666667"
"282","Computer Science","22.3","21.2","0","245","342.9","Placed","100500"
"283","Engineering","23","21.8","0","245","346.2","0t Placed",""
"284","Finance","23.7","22.5","0","245","349.5","Placed","156333.33333333"
"285","Art","24.4","23.2","0","245","352.8","0t Placed",""
"286","Business","25.1","23.8","1","245","356.1","Placed","167666.66666667"
"287","Computer Science","25.8","24.5","0","245","359.4","Placed","121000"
"288","Engineering","26.5","25.2","0","245","362.7","0t Placed",""
"289","Finance","27.2","25.8","0","245","366","Placed","162333.33333333"
"290","Art","27.9","26.5","0","245","369.3","0t Placed",""
"291","Business","28.6","27.2","0","245","372.6","Placed","149666.66666667"
"292","Computer Science","29.3","27.8","0","245","375.9","Placed","159666.66666667"
"293","Engineering","30","28.5","0","244","379.2","0t Placed",""
"294","Finance","30.7","29.2","0","244","382.5","Placed","129000"
"295","Art","31.4","29.8","0","244","385.8","0t Placed",""
"296","Business","32.1","30.5","1","244","389.1","Placed","357666.66666667"
"297","Computer Science","32.8","31.2","0","244","392.4","Placed","155000"
"298","Engineering","33.5","31.8","0","244","395.7","0t Placed",""
"299","Finance","34.2","32.5","0","244","399","Placed","169666.66666667"
"300","Art","34.9","33.2","0","244","402.3","0t Placed",""
"301","Business","35.6","33.8","0","244","405.6","Placed","182333.33333333"
"302","Computer Science","36.3","34.5","0","244","408.9","Placed","193666.66666667"
"303","Engineering","37","35.1","0","244","412.2","0t Placed",""
"304","Finance","37.7","35.8","0","244","415.5","Placed","100500"
"305","Art","38.4","36.5","0","243","418.8","0t Placed",""
"306","Business","39.1","37.1","1","243","98","Placed","100500"
"307","Computer Science","39.8","37.8","0","243","99.1","Placed","100500"
"308","Engineering","40.5","38.5","0","243","100.2","0t Placed",""
"309","Finance","41.2","39.1","0","243","101.3","Placed","126333.33333333"
"310","Art","41.9","39.8","0","243","102.4","0t Placed",""
"311","Business","42.6","40.5","0","243","103.5","Placed","100500"
"312","Computer Science","43.3","41.1","0","243","104.6","Placed","263666.66666667"
"313","Engineering","44","41.8","0","243","105.7","0t Placed",""
"314","Finance","44.7","42.5","0","243","106.8","Placed","139000"
"315","Art","45.4","43.1","0","243","107.9","0t Placed",""
"316","Business","46.1","43.8","1","242","109","Placed","100500"
"317","Computer Science","46.8","44.5","0","242","110.1","Placed","168333.33333333"
"318","Engineering","47.5","45.1","0","242","111.2","0t Placed",""
"319","Finance","48.2","45.8","0","242","112.3","Placed","100500"
"320","Art","48.9","46.5","0","242","113.4","0t Placed",""
"321","Business","49.6","47.1","0","242","114.5","Placed","149000"
"322","Computer Science","50.3","47.8","0","242","115.6","Placed","100500"
"323","Engineering","51","48.4","0","242","116.7","0t Placed",""
"324","Finance","51.7","49.1","0","242","117.8","Placed","131666.66666667"
"325","Art","52.4","49.8","0","242","118.9","0t Placed",""
"326","Business","53.1","50.4","1","242","120","Placed","100500"
"327","Computer Science","53.8","51.1","0","242","121.1","Placed","100500"
"328","Engineering","54.5","51.8","0","241","122.2","0t Placed",""
"329","Finance","55.2","52.4","0","241","123.3","Placed","149666.66666667"
"330","Art","55.9","53.1","0","241","124.4","0t Placed",""
"331","Business","56.6","53.8","0","241","125.5","Placed","100500"
"332","Computer Science","57.3","54.4","0","241","126.6","Placed","126333.33333333"
"333","Engineering","58","55.1","0","241","127.7","0t Placed",""
"334","Finance","58.7","55.8","0","241","128.8","Placed","155000"
"335","Art","59.4","56.4","0","241","129.9","0t Placed",""
"336","Business","60.1","57.1","1","241","131","Placed","291000"
"337","Computer Science","60.8","57.8","0","241","132.1","Placed","155000"
"338","Engineering","61.5","58.4","0","241","133.2","0t Placed",""
"339","Finance","62.2","59.1","0","241","134.3","Placed","100500"
"340","Art","62.9","59.8","0","240","135.4","0t Placed",""
"341","Business","63.6","60.4","0","240","136.5","Placed","149666.66666667"
"342","Computer Science","64.3","61.1","0","240","137.6","Placed","154333.33333333"
"343","Engineering","65","61.8","0","240","138.7","0t Placed",""
"344","Finance","65.7","62.4","0","240","139.8","Placed","237000"
"345","Art","66.4","63.1","0","240","140.9","0t Placed",""
"346","Business","67.1","63.7","1","240","142","Placed","155000"
"347","Computer Science","67.8","64.4","0","240","143.1","Placed","127000"
"348","Engineering","68.5","65.1","0","240","144.2","0t Placed",""
"349","Finance","69.2","65.7","0","240","145.3","Placed","100500"
"350","Art","69.9","66.4","0","240","146.4","0t Placed",""
"351","Business","70.6","67.1","0","239","147.5","Placed","145000"
"352","Computer Science","71.3","67.7","0","239","148.6","Placed","100500"
"353","Engineering","72","68.4","0","239","149.7","0t Placed",""
"354","Finance","72.7","69.1","0","239","150.8","Placed","123666.66666667"
"355","Art","73.4","69.7","0","239","151.9","0t Placed",""
"356","Business","74.1","70.4","1","239","153","Placed","183000"
"357","Computer Science","74.8","71.1","0","239","154.1","Placed","100500"
"358","Engineering","75.5","71.7","0","239","155.2","0t Placed",""
"359","Finance","76.2","72.4","0","239","156.3","Placed","100500"
"360","Art","76.9","73.1","0","239","157.4","0t Placed",""
"361","Business","77.6","73.7","0","239","158.5","Placed","100500"
"362","Computer Science","78.3","74.4","0","239","159.6","Placed","182333.33333333"
"363","Engineering","79","75.0","0","238","160.7","0t Placed",""
"364","Finance","79.7","75.7","0","238","161.8","Placed","100500"
"365","Art","80.4","76.4","0","238","162.9","0t Placed",""
"366","Business","81.1","77.0","1","238","164","Placed","209666.66666667"
"367","Computer Science","81.8","77.7","0","238","165.1","Placed","100500"
"368","Engineering","82.5","78.4","0","238","166.2","0t Placed",""
"369","Finance","83.2","79.0","0","238","167.3","Placed","169666.66666667"
"370","Art","83.9","79.7","0","238","168.4","0t Placed",""
"371","Business","84.6","80.4","0","238","169.5","Placed","156333.33333333"
"372","Computer Science","85.3","81.0","0","238","170.6","Placed","182333.33333333"
"373","Engineering","86","81.7","0","238","171.7","0t Placed",""
"374","Finance","86.7","82.4","0","238","172.8","Placed","121000"
"375","Art","87.4","83.0","0","237","173.9","0t Placed",""
"376","Business","88.1","83.7","1","237","175","Placed","162333.33333333"
"377","Computer Science","88.8","84.4","0","237","176.1","Placed","100500"
"378","Engineering","89.5","85.0","0","237","177.2","0t Placed",""
"379","Finance","40","38.0","0","237","178.3","Placed","159666.66666667"
"380","Art","41.3","39.2","0","237","179.4","0t Placed",""
"381","Business","42.6","40.5","0","237","180.5","Placed","129000"
"382","Computer Science","43.9","41.7","0","237","181.6","Placed","156333.33333333"
"383","Engineering","45.2","42.9","0","237","182.7","0t Placed",""
"384","Finance","46.5","44.2","0","237","183.8","Placed","167666.66666667"
"385","Art","47.8","45.4","0","237","184.9","0t Placed",""
"386","Business","49.1","46.6","1","237","186","Placed","100500"
"387","Computer Science","50.4","47.9","0","236","187.1","Placed","162333.33333333"
"388","Engineering","51.7","49.1","0","236","188.2","0t Placed",""
"389","Finance","53","50.3","0","236","189.3","Placed","149666.66666667"
"390","Art","54.3","51.6","0","236","190.4","0t Placed",""
"391","Business","55.6","52.8","0","236","191.5","Placed","100500"
"392","Computer Science","56.9","54.1","0","236","192.6","Placed","129000"
"393","Engineering","58.2","55.3","0","236","193.7","0t Placed",""
"394","Finance","59.5","56.5","0","236","194.8","Placed","214333.33333333"
"395","Art","60.8","57.8","0","236","195.9","0t Placed",""
"396","Business","62.1","59.0","1","236","197","Placed","155000"
"397","Computer Science","63.4","60.2","0","236","198.1","Placed","100500"
"398","Engineering","64.7","61.5","0","235","199.2","0t Placed",""
"399","Finance","66","62.7","0","235","200.3","Placed","100500"
"400","Art","67.3","63.9","0","235","201.4","0t Placed",""
"401","Business","68.6","65.2","0","235","202.5","Placed","193666.66666667"
"402","Computer Science","69.9","66.4","0","235","203.6","Placed","149000"
"403","Engineering","71.2","67.6","0","235","204.7","0t Placed",""
"404","Finance","72.5","68.9","0","235","205.8","Placed","182333.33333333"
"405","Art","73.8","70.1","0","235","206.9","0t Placed",""
"406","Business","75.1","71.3","1","235","208","Placed","100500"
"407","Computer Science","76.4","72.6","0","235","209.1","Placed","100500"
"408","Engineering","77.7","73.8","0","235","210.2","0t Placed",""
"409","Finance","79","75.0","0","235","211.3","Placed","100500"
"410","Art","80.3","76.3","0","234","212.4","0t Placed",""
"411","Business","81.6","77.5","0","234","213.5","Placed","263666.66666667"
"412","Computer Science","82.9","78.8","0","234","214.6","Placed","136333.33333333"
"413","Engineering","84.2","80.0","0","234","215.7","0t Placed",""
"414","Finance","85.5","81.2","0","234","216.8","Placed","100500"
"415","Art","86.8","82.5","0","234","217.9","0t Placed",""
"416","Business","88.1","83.7","1","234","219","Placed","168333.33333333"
"417","Computer Science","89.4","84.9","0","234","220.1","Placed","100500"
"418","Engineering","90.7","86.2","0","234","221.2","0t Placed",""
"419","Finance","92","87.4","0","234","222.3","Placed","100500"
"420","Art","93.3","88.6","0","234","223.4","0t Placed",""
"421","Business","94.6","89.9","0","234","224.5","Placed","100500"
"422","Computer Science","95.9","91.1","0","233","225.6","Placed","117666.66666667"
"423","Engineering","97.2","92.3","0","233","226.7","0t Placed",""
"424","Finance","98.5","93.6","0","233","227.8","Placed","100500"
"425","Art","99.8","94.8","0","233","228.9","0t Placed",""
"426","Business","","0.0","1","233","230","Placed","100500"
"427","Computer Science","","0.0","0","233","231.1","Placed","225666.66666667"
"428","Engineering","","0.0","0","233","232.2","0t Placed",""
"429","Finance","14.5","13.8","0","233","233.3","Placed","214333.33333333"
"430","Art","14.8","14.1","0","233","234.4","0t Placed",""
"431","Business","15.1","14.3","0","233","235.5","Placed","126333.33333333"
"432","Computer Science","15.4","14.6","0","233","236.6","Placed","100500"
"433","Engineering","15.7","14.9","0","232","237.7","0t Placed",""
"434","Finance","16","15.2","0","232","238.8","Placed","100500"
"435","Art","16.3","15.5","0","232","239.9","0t Placed",""
"436","Business","16.6","15.8","1","232","241","Placed","155000"
"437","Computer Science","16.9","16.1","0","232","242.1","Placed","470333.33333333"
"438","Engineering","17.2","16.3","0","232","243.2","0t Placed",""
"439","Finance","17.5","16.6","0","232","244.3","Placed","155000"
"440","Art","17.8","16.9","0","232","245.4","0t Placed",""
"441","Business","18.1","17.2","0","232","246.5","Placed","154333.33333333"
"442","Computer Science","18.4","17.5","0","232","247.6","Placed","155000"
"443","Engineering","18.7","17.8","0","232","248.7","0t Placed",""
"444","Finance","19","18.1","0","232","249.8","Placed","183000"
"445","Art","19.3","18.3","0","231","250.9","0t Placed",""
"446","Business","19.6","18.6","1","231","252","Placed","127000"
"447","Computer Science","19.9","18.9","0","231","253.1","Placed","141000"
"448","Engineering","20.2","19.2","0","231","254.2","0t Placed",""
"449","Finance","20.5","19.5","0","231","255.3","Placed","241000"
"450","Art","20.8","19.8","0","231","256.4","0t Placed",""
"451","Business","21.1","20.0","0","231","257.5","Placed","100500"
"452","Computer Science","21.4","20.3","0","231","258.6","Placed","100500"
"453","Engineering","21.7","20.6","0","231","259.7","0t Placed",""
"454","Finance","22","20.9","0","231","260.8","Placed","100500"
"455","Art","22.3","21.2","0","231","261.9","0t Placed",""
"456","Business","22.6","21.5","1","231","263","Placed","100500"
"457","Computer Science","22.9","21.8","0","230","264.1","Placed","149000"
"458","Engineering","23.2","22.0","0","230","265.2","0t Placed",""
"459","Finance","23.5","22.3","0","230","266.3","Placed","100500"
"460","Art","23.8","22.6","0","230","267.4","0t Placed",""
"461","Business","24.1","22.9","0","230","268.5","Placed","182333.33333333"
"462","Computer Science","24.4","23.2","0","230","269.6","Placed","100500"
"463","Engineering","24.7","23.5","0","230","270.7","0t Placed",""
"464","Finance","25","23.8","0","230","271.8","Placed","139000"
"465","Art","25.3","24.0","0","230","272.9","0t Placed",""
"466","Business","25.6","24.3","1","230","274","Placed","100500"
"467","Computer Science","25.9","24.6","0","230","275.1","Placed","100500"
"468","Engineering","26.2","24.9","0","230","276.2","0t Placed",""
"469","Finance","26.5","25.2","0","229","277.3","Placed","100500"
"470","Art","26.8","25.5","0","229","278.4","0t Placed",""
"471","Business","27.1","25.7","0","229","279.5","Placed","182333.33333333"
"472","Computer Science","27.4","26.0","0","229","280.6","Placed","167666.66666667"
"473","Engineering","27.7","26.3","0","229","281.7","0t Placed",""
"474","Finance","28","26.6","0","229","282.8","Placed","100500"
"475","Art","28.3","26.9","0","229","283.9","0t Placed",""
"476","Business","28.6","27.2","1","229","285","Placed","100500"
"477","Computer Science","28.9","27.5","0","229","286.1","Placed","149666.66666667"
"478","Engineering","29.2","27.7","0","229","287.2","0t Placed",""
"479","Finance","29.5","28.0","0","229","288.3","Placed","100500"
"480","Art","29.8","28.3","0","228","289.4","0t Placed",""
"481","Business","30.1","28.6","0","228","290.5","Placed","156333.33333333"
"482","Computer Science","30.4","28.9","0","228","291.6","Placed","182333.33333333"
"483","Engineering","30.7","29.2","0","228","292.7","0t Placed",""
"484","Finance","31","29.4","0","228","293.8","Placed","121000"
"485","Art","31.3","29.7","0","228","294.9","0t Placed",""
"486","Business","31.6","30.0","1","228","296","Placed","162333.33333333"
"487","Computer Science","31.9","30.3","0","228","297.1","Placed","100500"
"488","Engineering","32.2","30.6","0","228","298.2","0t Placed",""
"489","Finance","32.5","30.9","0","228","299.3","Placed","159666.66666667"
"490","Art","32.8","31.2","0","228","300.4","0t Placed",""
"491","Business","33.1","31.4","0","228","301.5","Placed","129000"
"492","Computer Science","33.4","31.7","0","227","302.6","Placed","165000"
"493","Engineering","33.7","32.0","0","227","303.7","0t Placed",""
"494","Finance","34","32.3","0","227","304.8","Placed","159666.66666667"
"495","Art","34.3","32.6","0","227","305.9","0t Placed",""
"496","Business","34.6","32.9","1","227","307","Placed","100500"
"497","Computer Science","34.9","33.2","0","227","308.1","Placed","100500"
"498","Engineering","35.2","33.4","0","227","309.2","0t Placed",""
"499","Finance","35.5","33.7","0","227","310.3","Placed","214333.33333333"
"500","Art","35.8","34.0","0","227","311.4","0t Placed",""
"501","Business","36.1","34.3","0","227","312.5","Placed","155000"
"502","Computer Science","36.4","34.6","0","227","313.6","Placed","100500"
"503","Engineering","36.7","34.9","0","227","314.7","0t Placed",""
"504","Finance","37","35.1","0","226","315.8","Placed","100500"
"505","Art","37.3","35.4","0","226","316.9","0t Placed",""
"506","Business","37.6","35.7","1","226","318","Placed","193666.66666667"
"507","Computer Science","37.9","36.0","0","226","319.1","Placed","149000"
"508","Engineering","38.2","36.3","0","226","320.2","0t Placed",""
"509","Finance","38.5","36.6","0","226","321.3","Placed","182333.33333333"
"510","Art","38.8","36.9","0","226","322.4","0t Placed",""
"511","Business","39.1","37.1","0","226","323.5","Placed","100500"
"512","Computer Science","39.4","37.4","0","226","324.6","Placed","100500"
"513","Engineering","39.7","37.7","0","226","325.7","0t Placed",""
"514","Finance","40","38.0","0","226","326.8","Placed","100500"
"515","Art","40.3","38.3","0","225","327.9","0t Placed",""
"516","Business","40.6","38.6","1","225","329","Placed","263666.66666667"
"517","Computer Science","40.9","38.9","0","225","330.1","Placed","136333.33333333"
"518","Engineering","41.2","39.1","0","225","331.2","0t Placed",""
"519","Finance","41.5","39.4","0","225","332.3","Placed","100500"
"520","Art","41.8","39.7","0","225","333.4","0t Placed",""
"521","Business","42.1","40.0","0","225","334.5","Placed","168333.33333333"
"522","Computer Science","42.4","40.3","0","225","335.6","Placed","100500"
"523","Engineering","42.7","40.6","0","225","336.7","0t Placed",""
"524","Finance","43","40.9","0","225","337.8","Placed","100500"
"525","Art","43.3","41.1","0","225","338.9","0t Placed",""
"526","Business","43.6","41.4","1","225","340","Placed","100500"
"527","Computer Science","43.9","41.7","0","224","341.1","Placed","117666.66666667"
"528","Engineering","44.2","42.0","0","224","342.2","0t Placed",""
"529","Finance","44.5","42.3","0","224","343.3","Placed","100500"
"530","Art","44.8","42.6","0","224","344.4","0t Placed",""
"531","Business","45.1","42.8","0","224","345.5","Placed","100500"
"532","Computer Science","45.4","43.1","0","224","346.6","Placed","225666.66666667"
"533","Engineering","45.7","43.4","0","224","347.7","0t Placed",""
"534","Finance","46","43.7","0","224","224","Placed","214333.33333333"
"535","Art","46.3","44.0","0","224","224","0t Placed",""
"536","Business","46.6","44.3","1","224","224","Placed","126333.33333333"
"537","Computer Science","46.9","44.6","0","224","224","Placed","100500"
"538","Engineering","47.2","44.8","0","224","224","0t Placed",""
"539","Finance","47.5","45.1","0","223","224","Placed","100500"
"540","Art","47.8","45.4","0","223","224","0t Placed",""
"541","Business","48.1","45.7","0","223","224","Placed","155000"
"542","Computer Science","48.4","46.0","0","223","224","Placed","470333.33333333"
"543","Engineering","48.7","46.3","0","223","224","0t Placed",""
"544","Finance","49","46.5","0","223","224","Placed","155000"
"545","Art","49.3","46.8","0","223","224","0t Placed",""
"546","Business","49.6","47.1","1","223","223","Placed","154333.33333333"
"547","Computer Science","49.9","47.4","0","223","223","Placed","155000"
"548","Engineering","50.2","47.7","0","223","223","0t Placed",""
"549","Finance","50.5","48.0","0","223","223","Placed","183000"
"550","Art","50.8","48.3","0","222","223","0t Placed",""
"551","Business","51.1","48.5","0","222","223","Placed","127000"
"552","Computer Science","51.4","48.8","0","222","223","Placed","141000"
"553","Engineering","51.7","49.1","0","222","223","0t Placed",""
"554","Finance","52","49.4","0","222","252","Placed","241000"
"555","Art","52.3","49.7","0","222","423","0t Placed",""
"556","Business","52.6","50.0","1","222","101","Placed","100500"
"557","Computer Science","52.9","50.3","0","222","288","Placed","100500"
"558","Engineering","53.2","50.5","0","222","248","0t Placed",""
"559","Finance","53.5","50.8","0","222","145","Placed","100500"
"560","Art","53.8","51.1","0","222","401","0t Placed",""
"561","Business","54.1","51.4","0","222","287","Placed","100500"
"562","Computer Science","54.4","51.7","0","221","275","Placed","149000"
"563","Engineering","54.7","52.0","0","221","254","0t Placed",""
"564","Finance","55","52.2","0","221","182","Placed","100500"
"565","Art","55.3","52.5","0","221","117","0t Placed",""
"566","Business","55.6","52.8","1","221","130","Placed","182333.33333333"
"567","Computer Science","55.9","53.1","0","221","219","Placed","100500"
"568","Engineering","56.2","53.4","0","221","152","0t Placed",""
"569","Finance","56.5","53.7","0","221","228","Placed","139000"
"570","Art","56.8","54.0","0","221","62","0t Placed",""
"571","Business","57.1","54.2","0","221","393","Placed","100500"
"572","Computer Science","57.4","54.5","0","221","277","Placed","100500"
"573","Engineering","57.7","54.8","0","221","206","0t Placed",""
"574","Finance","58","55.1","0","220","229","Placed","100500"
"575","Art","58.3","55.4","0","220","182","0t Placed",""
"576","Business","58.6","55.7","1","220","98","Placed","182333.33333333"
"577","Computer Science","58.9","56.0","0","220","125","Placed","167666.66666667"
"578","Engineering","59.2","56.2","0","220","164","0t Placed",""
"579","Finance","59.5","56.5","0","220","186","Placed","100500"
"580","Art","59.8","56.8","0","220","235","0t Placed",""
"581","Business","60.1","57.1","0","220","184","Placed","100500"
"582","Computer Science","60.4","57.4","0","220","76","Placed","149666.66666667"
"583","Engineering","60.7","57.7","0","220","126","0t Placed",""
"584","Finance","61","57.9","0","220","183","Placed","100500"
"585","Art","61.3","58.2","0","220","242","0t Placed",""
"586","Business","61.6","58.5","1","219","207","Placed","111000"
"587","Computer Science","61.9","58.8","0","219","181","Placed","100500"
"588","Engineering","62.2","59.1","0","219","239","0t Placed",""
"589","Finance","62.5","59.4","0","219","216","Placed","100500"
"590","Art","62.8","59.7","0","219","289","0t Placed",""
"591","Business","63.1","59.9","0","219","213","Placed","100500"
"592","Computer Science","63.4","60.2","0","219","209","Placed","109000"
"593","Engineering","","0.0","0","219","376","0t Placed",""
"594","Finance","","0.0","0","219","332","Placed","255500"
"595","Art","29","27.5","0","219","249","0t Placed",""
"596","Business","","0.0","1","219","228","Placed","100500"
"597","Computer Science","75","71.2","0","218","124","Placed","114500"
"598","Engineering","89","84.5","0","218","194","0t Placed",""
"599","Finance","45.8","43.5","0","218","157","Placed","124000"
"600","Art","","0.0","0","218","402","0t Placed",""
"601","Business","","0.0","0","218","323","Placed","99000"
"602","Computer Science","67","63.6","0","218","181","Placed","100500"
"603","Engineering","","0.0","0","218","157","0t Placed",""
"604","Finance","","0.0","0","218","266","Placed","100500"
"605","Art","","0.0","0","218","268","0t Placed",""
"606","Business","","0.0","1","218","167","Placed","100500"
"607","Computer Science","","0.0","0","218","342","Placed","82000"
"608","Engineering","56","53.2","0","218","349","0t Placed",""
"609","Finance","","0.0","0","217","340","Placed","100500"
"610","Art","","0.0","0","217","227","0t Placed",""
"611","Business","","0.0","0","217","409","Placed","89500"
"612","Computer Science","33","31.3","0","217","400","Placed","91500"
"613","Engineering","33.92","32.2","0","217","374","0t Placed",""
"614","Finance","34.84","33.1","0","217","255","Placed","100500"
"615","Art","35.76","34.0","0","217","146","0t Placed",""
"616","Business","36.68","34.8","1","217","248","Placed","100500"
"617","Computer Science","37.6","35.7","0","217","198","Placed","100500"
"618","Engineering","38.52","36.6","0","217","210","0t Placed",""
"619","Finance","39.44","37.5","0","217","107","Placed","99000"
"620","Art","40.36","38.3","0","217","239","0t Placed",""
"621","Business","41.28","39.2","0","216","287","Placed","75500"
"622","Computer Science","42.2","40.1","0","216","340","Placed","86000"
"623","Engineering","43.12","41.0","0","216","155","0t Placed",""
"624","Finance","44.04","41.8","0","216","263","Placed","100500"
"625","Art","44.96","42.7","0","216","265","0t Placed",""
"626","Business","45.88","43.6","1","216","249","Placed","156500"
"627","Computer Science","46.8","44.5","0","216","377","Placed","99500"
"628","Engineering","47.72","45.3","0","216","301","0t Placed",""
"629","Finance","48.64","46.2","0","216","242","Placed","100500"
"630","Art","49.56","47.1","0","216","211","0t Placed",""
"631","Business","50.48","48.0","0","216","160","Placed","100500"
"632","Computer Science","51.4","48.8","0","215","218","Placed","103500"
"633","Engineering","52.32","49.7","0","215","133","0t Placed",""
"634","Finance","53.24","50.6","0","215","122","Placed","205500"
"635","Art","54.16","51.5","0","215","236","0t Placed",""
"636","Business","55.08","52.3","1","215","143","Placed","340000"
"637","Computer Science","56","53.2","0","215","354","Placed","100500"
"638","Engineering","56.92","54.1","0","215","214","0t Placed",""
"639","Finance","57.84","54.9","0","215","225","Placed","99500"
"640","Art","58.76","55.8","0","215","261","0t Placed",""
"641","Business","59.68","56.7","0","215","277","Placed","103500"
"642","Computer Science","60.6","57.6","0","215","282","Placed","165000"
"643","Engineering","61.52","58.4","0","215","322","0t Placed",""
"644","Finance","62.44","59.3","0","214","326","Placed","103500"
"645","Art","63.36","60.2","0","214","421","0t Placed",""
"646","Business","64.28","61.1","1","214","368","Placed","93000"
"647","Computer Science","65.2","61.9","0","214","279","Placed","100500"
"648","Engineering","66.12","62.8","0","214","268","0t Placed",""
"649","Finance","67.04","63.7","0","214","276","Placed","96000"
"650","Art","67.96","64.6","0","214","410","0t Placed",""
"651","Business","68.88","65.4","0","214","119","Placed","100500"
"652","Computer Science","69.8","66.3","0","214","334","Placed","80000"
"653","Engineering","70.72","67.2","0","214","252","0t Placed",""
"654","Finance","71.64","68.1","0","214","209","Placed","124500"
"655","Art","72.56","68.9","0","214","462","0t Placed",""
"656","Business","73.48","69.8","1","213","342","Placed","99000"
"657","Computer Science","74.4","70.7","0","213","347","Placed","100500"
"658","Engineering","75.32","71.6","0","213","313","0t Placed",""
"659","Finance","76.24","72.4","0","213","232","Placed","100500"
"660","Art","77.16","73.3","0","213","163","0t Placed",""
"661","Business","78.08","74.2","0","213","119","Placed","100500"
"662","Computer Science","79","75.0","0","213","304","Placed","100500"
"663","Engineering","79.92","75.9","0","213","211","0t Placed",""
"664","Finance","80.84","76.8","0","213","286","Placed","144500"
"665","Art","81.76","77.7","0","213","122","0t Placed",""
"666","Business","82.68","78.5","1","213","443","Placed","100500"
"667","Computer Science","83.6","79.4","0","213","366","Placed","114500"
"668","Engineering","84.52","80.3","0","212","244","0t Placed",""
"669","Finance","85.44","81.2","0","212","241","Placed","104500"
"670","Art","86.36","82.0","0","212","237","0t Placed",""
"671","Business","87.28","82.9","0","212","122","Placed","113000"
"672","Computer Science","88.2","83.8","0","212","129","Placed","78000"
"673","Engineering","89.12","84.7","0","212","236","0t Placed",""
"674","Finance","90.04","85.5","0","212","251","Placed","109000"
"675","Art","90.96","86.4","0","212","283","0t Placed",""
"676","Business","91.88","87.3","1","212","225","Placed","99500"
"677","Computer Science","92.8","88.2","0","212","102","Placed","107000"
"678","Engineering","93.72","89.0","0","212","180","0t Placed",""
"679","Finance","94.64","89.9","0","211","247","Placed","84000"
"680","Art","95.56","90.8","0","211","343","0t Placed",""
"681","Business","96.48","91.7","0","211","283","Placed","100500"
"682","Computer Science","97.4","92.5","0","211","253","Placed","111000"
"683","Engineering","98.32","93.4","0","211","263","0t Placed",""
"684","Finance","99.24","94.3","0","211","291","Placed","107000"
"685","Art","98.7","93.8","0","211","368","0t Placed",""
"686","Business","99.6","94.6","1","211","206","Placed","100500"
"687","Computer Science","","0.0","0","211","231","Placed","100500"
"688","Engineering","","0.0","0","211","389","0t Placed",""
"689","Finance","","0.0","0","211","396","Placed","148000"
"690","Art","","0.0","0","211","339","0t Placed",""
"691","Business","","0.0","0","210","286","Placed","103500"
"692","Computer Science","","0.0","0","210","146","Placed","100500"
"693","Engineering","","0.0","0","210","315","0t Placed",""
"694","Finance","","0.0","0","210","183","Placed","100500"
"695","Art","13.7","13.0","0","210","481","0t Placed",""
"696","Business","14.1","13.4","1","210","349","Placed","132500"
"697","Computer Science","14.5","13.8","0","210","225","Placed","99000"
"698","Engineering","14.9","14.2","0","210","217","0t Placed",""
"699","Finance","15.3","14.5","0","210","353","Placed","124000"
"700","Art","15.7","14.9","0","210","314","0t Placed",""
"701","Business","16.1","15.3","0","210","247","Placed","100500"
"702","Computer Science","16.5","15.7","0","210","410","Placed","100500"
"703","Engineering","16.9","16.1","0","209","395","0t Placed",""
"704","Finance","17.3","16.4","0","209","416","Placed","100500"
"705","Art","17.7","16.8","0","209","342","0t Placed",""
"706","Business","18.1","17.2","1","209","446","Placed","185000"
"707","Computer Science","18.5","17.6","0","209","477","Placed","89500"
"708","Engineering","18.9","18.0","0","209","444","0t Placed",""
"709","Finance","19.3","18.3","0","209","351","Placed","100500"
"710","Art","19.7","18.7","0","209","165","0t Placed",""
"711","Business","20.1","19.1","0","209","317","Placed","113500"
"712","Computer Science","20.5","19.5","0","209","250","Placed","100500"
"713","Engineering","20.9","19.9","0","209","217","0t Placed",""
"714","Finance","21.3","20.2","0","208","138","Placed","100500"
"715","Art","21.7","20.6","0","208","302","0t Placed",""
"716","Business","22.1","21.0","1","208","311","Placed","100500"
"717","Computer Science","22.5","21.4","0","208","373","Placed","75500"
"718","Engineering","22.9","21.8","0","208","196","0t Placed",""
"719","Finance","23.3","22.1","0","208","306","Placed","100500"
"720","Art","23.7","22.5","0","208","302","0t Placed",""
"721","Business","24.1","22.9","0","208","278","Placed","100500"
"722","Computer Science","24.5","23.3","0","208","429","Placed","156500"
"723","Engineering","24.9","23.7","0","208","338","0t Placed",""
"724","Finance","25.3","24.0","0","208","261","Placed","148000"
"725","Art","25.7","24.4","0","208","256","0t Placed",""
"726","Business","26.1","24.8","1","207","183","Placed","82000"
"727","Computer Science","26.5","25.2","0","207","274","Placed","100500"
"728","Engineering","26.9","25.6","0","207","182","0t Placed",""
"729","Finance","27.3","25.9","0","207","183","Placed","100500"
"730","Art","27.7","26.3","0","207","309","0t Placed",""
"731","Business","28.1","26.7","0","207","178","Placed","103500"
"732","Computer Science","28.5","27.1","0","207","458","Placed","340000"
"733","Engineering","28.9","27.5","0","207","234","0t Placed",""
"734","Finance","29.3","27.8","0","207","306","Placed","103500"
"735","Art","29.7","28.2","0","207","400","0t Placed",""
"736","Business","30.1","28.6","1","207","402.457789","Placed","103000"
"737","Computer Science","30.5","29.0","0","207","404.915578","Placed","103500"
"738","Engineering","30.9","29.4","0","206","407.373367","0t Placed",""
"739","Finance","31.3","29.7","0","206","409.831156","Placed","124500"
"740","Art","31.7","30.1","0","206","412.288945","0t Placed",""
"741","Business","32.1","30.5","0","206","414.746734","Placed","82500"
"742","Computer Science","32.5","30.9","0","206","417.204523","Placed","93000"
"743","Engineering","32.9","31.3","0","206","419.662312","0t Placed",""
"744","Finance","33.3","31.6","0","206","422.120101","Placed","168000"
"745","Art","33.7","32.0","0","206","424.57789","0t Placed",""
"746","Business","34.1","32.4","1","206","427.035679","Placed","100500"
"747","Computer Science","34.5","32.8","0","206","429.493468","Placed","100500"
"748","Engineering","34.9","33.2","0","206","431.951257","0t Placed",""
"749","Finance","35.3","33.5","0","206","434.409046","Placed","100500"
"750","Art","35.7","33.9","0","205","436.866835","0t Placed",""
"751","Business","36.1","34.3","0","205","209","Placed","100500"
"752","Computer Science","36.5","34.7","0","205","208","Placed","99000"
"753","Engineering","36.9","35.1","0","205","208","0t Placed",""
"754","Finance","37.3","35.4","0","205","208","Placed","100500"
"755","Art","37.7","35.8","0","205","208","0t Placed",""
"756","Business","38.1","36.2","1","205","208","Placed","124000"
"757","Computer Science","38.5","36.6","0","205","208","Placed","100500"
"758","Engineering","38.9","37.0","0","205","208","0t Placed",""
"759","Finance","39.3","37.3","0","205","208","Placed","91500"
"760","Art","39.7","37.7","0","205","208","0t Placed",""
"761","Business","40.1","38.1","0","204","208","Placed","100500"
"762","Computer Science","40.5","38.5","0","204","208","Placed","100500"
"763","Engineering","40.9","38.9","0","204","208","0t Placed",""
"764","Finance","41.3","39.2","0","204","207","Placed","100500"
"765","Art","41.7","39.6","0","204","207","0t Placed",""
"766","Business","42.1","40.0","1","204","207","Placed","124000"
"767","Computer Science","42.5","40.4","0","204","207","Placed","113000"
"768","Engineering","42.9","40.8","0","204","207","0t Placed",""
"769","Finance","43.3","41.1","0","204","207","Placed","100500"
"770","Art","43.7","41.5","0","204","207","0t Placed",""
"771","Business","44.1","41.9","0","204","275","Placed","100500"
"772","Computer Science","44.5","42.3","0","204","254","Placed","99500"
"773","Engineering","44.9","42.7","0","203","182","0t Placed",""
"774","Finance","45.3","43.0","0","203","117","Placed","100500"
"775","Art","45.7","43.4","0","203","130","0t Placed",""
"776","Business","46.1","43.8","1","203","219","Placed","100500"
"777","Computer Science","46.5","44.2","0","203","152","Placed","111000"
"778","Engineering","46.9","44.6","0","203","228","0t Placed",""
"779","Finance","47.3","44.9","0","203","62","Placed","107000"
"780","Art","47.7","45.3","0","203","393","0t Placed",""
"781","Business","48.1","45.7","0","203","277","Placed","100500"
"782","Computer Science","48.5","46.1","0","203","206","Placed","100500"
"783","Engineering","48.9","46.5","0","203","229","0t Placed",""
"784","Finance","49.3","46.8","0","203","182","Placed","148000"
"785","Art","49.7","47.2","0","202","98","0t Placed",""
"786","Business","50.1","47.6","1","202","125","Placed","103500"
"787","Computer Science","50.5","48.0","0","202","164","Placed","100500"
"788","Engineering","50.9","48.4","0","202","186","0t Placed",""
"789","Finance","51.3","48.7","0","202","235","Placed","100500"
"790","Art","51.7","49.1","0","202","184","0t Placed",""
"791","Business","52.1","49.5","0","202","76","Placed","132500"
"792","Computer Science","52.5","49.9","0","202","126","Placed","99000"
"793","Engineering","52.9","50.3","0","202","183","0t Placed",""
"794","Finance","53.3","50.6","0","202","242","Placed","124000"
"795","Art","53.7","51.0","0","202","207","0t Placed",""
"796","Business","54.1","51.4","1","201","181","Placed","100500"
"797","Computer Science","54.5","51.8","0","201","239","Placed","100500"
"798","Engineering","54.9","52.2","0","201","216","0t Placed",""
"799","Finance","55.3","52.5","0","201","289","Placed","100500"
"800","Art","55.7","52.9","0","201","213","0t Placed",""
"801","Business","56.1","53.3","0","201","209","Placed","185000"
"802","Computer Science","56.5","53.7","0","201","376","Placed","89500"
"803","Engineering","56.9","54.1","0","201","332","0t Placed",""
"804","Finance","57.3","54.4","0","201","249","Placed","100500"
"805","Art","57.7","54.8","0","201","228","0t Placed",""
"806","Business","58.1","55.2","1","201","124","Placed","113500"
"807","Computer Science","58.5","55.6","0","201","194","Placed","100500"
"808","Engineering","58.9","56.0","0","200","157","0t Placed",""
"809","Finance","59.3","56.3","0","200","402","Placed","100500"
"810","Art","59.7","56.7","0","200","323","0t Placed",""
"811","Business","60.1","57.1","0","200","181","Placed","100500"
"812","Computer Science","60.5","57.5","0","200","157","Placed","75500"
"813","Engineering","60.9","57.9","0","200","266","0t Placed",""
"814","Finance","61.3","58.2","0","200","268","Placed","100500"
"815","Art","61.7","58.6","0","200","167","0t Placed",""
"816","Business","62.1","59.0","1","200","342","Placed","100500"
"817","Computer Science","62.5","59.4","0","200","349","Placed","156500"
"818","Engineering","62.9","59.8","0","200","340","0t Placed",""
"819","Finance","63.3","60.1","0","200","227","Placed","148000"
"820","Art","63.7","60.5","0","199","409","0t Placed",""
"821","Business","64.1","60.9","0","199","400","Placed","82000"
"822","Computer Science","64.5","61.3","0","199","374","Placed","100500"
"823","Engineering","64.9","61.7","0","199","255","0t Placed",""
"824","Finance","65.3","62.0","0","199","146","Placed","100500"
"825","Art","65.7","62.4","0","199","248","0t Placed",""
"826","Business","66.1","62.8","1","199","198","Placed","103500"
"827","Computer Science","66.5","63.2","0","199","210","Placed","340000"
"828","Engineering","66.9","63.6","0","199","107","0t Placed",""
"829","Finance","67.3","63.9","0","199","239","Placed","103500"
"830","Art","67.7","64.3","0","199","287","0t Placed",""
"831","Business","68.1","64.7","0","198","340","Placed","103000"
"832","Computer Science","68.5","65.1","0","198","155","Placed","103500"
"833","Engineering","68.9","65.5","0","198","263","0t Placed",""
"834","Finance","69.3","65.8","0","198","265","Placed","124500"
"835","Art","69.7","66.2","0","198","249","0t Placed",""
"836","Business","70.1","66.6","1","198","377","Placed","82500"
"837","Computer Science","70.5","67.0","0","198","301","Placed","93000"
"838","Engineering","70.9","67.4","0","198","242","0t Placed",""
"839","Finance","71.3","67.7","0","198","211","Placed","168000"
"840","Art","71.7","68.1","0","198","160","0t Placed",""
"841","Business","39.1","37.1","0","198","218","Placed","100500"
"842","Computer Science","41.3","39.2","0","198","133","Placed","100500"
"843","Engineering","43.5","41.3","0","197","122","0t Placed",""
"844","Finance","45.7","43.4","0","197","236","Placed","100500"
"845","Art","47.9","45.5","0","197","143","0t Placed",""
"846","Business","50.1","47.6","1","197","354","Placed","100500"
"847","Computer Science","52.3","49.7","0","197","214","Placed","99000"
"848","Engineering","54.5","51.8","0","197","225","0t Placed",""
"849","Finance","56.7","53.9","0","197","261","Placed","100500"
"850","Art","58.9","56.0","0","197","277","0t Placed",""
"851","Business","61.1","58.0","0","197","282","Placed","124000"
"852","Computer Science","63.3","60.1","0","197","322","Placed","100500"
"853","Engineering","65.5","62.2","0","197","326","0t Placed",""
"854","Finance","67.7","64.3","0","197","421","Placed","91500"
"855","Art","69.9","66.4","0","196","368","0t Placed",""
"856","Business","72.1","68.5","1","196","279","Placed","100500"
"857","Computer Science","74.3","70.6","0","196","268","Placed","100500"
"858","Engineering","76.5","72.7","0","196","261","0t Placed",""
"859","Finance","78.7","74.8","0","196","261","Placed","100500"
"860","Art","80.9","76.9","0","196","261","0t Placed",""
"861","Business","83.1","78.9","0","196","261","Placed","124000"
"862","Computer Science","85.3","81.0","0","196","261","Placed","113000"
"863","Engineering","87.5","83.1","0","196","261","0t Placed",""
"864","Finance","89.7","85.2","0","196","261","Placed","100500"
"865","Art","91.9","87.3","0","196","261","0t Placed",""
"866","Business","94.1","89.4","1","196","261","Placed","100500"
"867","Computer Science","96.3","91.5","0","195","261","Placed","99500"
"868","Engineering","98.5","93.6","0","195","260","0t Placed",""
"869","Finance","","0.0","0","195","260","Placed","100500"
"870","Art","","0.0","0","195","260","0t Placed",""
"871","Business","","0.0","0","195","260","Placed","100500"
"872","Computer Science","59.1","56.1","0","195","260","Placed","100500"
"873","Engineering","59.8","56.8","0","195","260","0t Placed",""
"874","Finance","60.5","57.5","0","195","260","Placed","209666.66666667"
"875","Art","61.2","58.1","0","195","260","0t Placed",""
"876","Business","61.9","58.8","1","195","260","Placed","100500"
"877","Computer Science","62.6","59.5","0","195","443","Placed","169666.66666667"
"878","Engineering","63.3","60.1","0","194","366","0t Placed",""
"879","Finance","64","60.8","0","194","244","Placed","156333.33333333"
"880","Art","64.7","61.5","0","194","241","0t Placed",""
"881","Business","65.4","62.1","0","194","237","Placed","167666.66666667"
"882","Computer Science","66.1","62.8","0","194","122","Placed","121000"
"883","Engineering","66.8","63.5","0","","129","0t Placed",""
"884","Finance","67.5","64.1","0","194","236","Placed","162333.33333333"
"885","Art","68.2","64.8","0","194","251","0t Placed",""
"886","Business","68.9","65.5","1","194","283","Placed","149666.66666667"
"887","Computer Science","69.6","66.1","0","194","225","Placed","159666.66666667"
"888","Engineering","70.3","66.8","0","194","102","0t Placed",""
"889","Finance","71","67.5","0","","180","Placed","129000"
"890","Art","71.7","68.1","0","194","247","0t Placed",""
"891","Business","72.4","68.8","0","193","343","Placed","100500"
"892","Computer Science","73.1","69.4","0","193","283","Placed","99500"
"893","Engineering","73.8","70.1","0","193","253","0t Placed",""
"894","Finance","74.5","70.8","0","193","263","Placed","100500"
"895","Art","75.2","71.4","0","193","291","0t Placed",""
"896","Business","75.9","72.1","1","193","368","Placed","162333.33333333"
"897","Computer Science","76.6","72.8","0","193","206","Placed","100500"
"898","Engineering","77.3","73.4","0","","231","0t Placed",""
"899","Finance","78","74.1","0","","389","Placed","109000"
"900","Art","78.7","74.8","0","","396","0t Placed",""
"901","Business","79.4","75.4","0","193","339","Placed","99500"
"902","Computer Science","80.1","76.1","0","192","286","Placed","107000"
"903","Engineering","80.8","76.8","0","192","146","0t Placed",""
"904","Finance","81.5","77.4","0","192","315","Placed","84000"
"905","Art","82.2","78.1","0","192","183","0t Placed",""
"906","Business","82.9","78.8","1","192","481","Placed","100500"
"907","Computer Science","83.6","79.4","0","192","349","Placed","149666.66666667"
"908","Engineering","84.3","80.1","0","192","225","0t Placed",""
"909","Finance","85","80.8","0","192","217","Placed","100500"
"910","Art","85.7","81.4","0","192","353","0t Placed",""
"911","Business","86.4","82.1","0","192","314","Placed","136333.33333333"
"912","Computer Science","87.1","82.7","0","192","247","Placed","139000"
"913","Engineering","87.8","83.4","0","191","410","0t Placed",""
"914","Finance","88.5","84.1","0","191","395","Placed","100500"
"915","Art","89.2","84.7","0","191","416","0t Placed",""
"916","Business","89.9","85.4","1","191","342","Placed","100500"
"917","Computer Science","90.6","86.1","0","191","446","Placed","100500"
"918","Engineering","91.3","86.7","0","191","477","0t Placed",""
"919","Finance","92","87.4","0","191","444","Placed","149000"
"920","Art","92.7","88.1","0","191","351","0t Placed",""
"921","Business","93.4","88.7","0","191","165","Placed","117666.66666667"
"922","Computer Science","94.1","89.4","0","","317","Placed","131666.66666667"
"923","Engineering","94.8","90.1","0","","250","0t Placed",""
"924","Finance","95.5","90.7","0","191","217","Placed","100500"
"925","Art","96.2","91.4","0","190","138","0t Placed",""
"926","Business","96.9","92.1","1","190","302","Placed","225666.66666667"
"927","Computer Science","97.6","92.7","0","190","311","Placed","149666.66666667"
"928","Engineering","98.3","93.4","0","190","373","0t Placed",""
"929","Finance","99","94.0","0","190","196","Placed","100500"
"930","Art","99.7","94.7","0","190","306","0t Placed",""
"931","Business","59.1","56.1","0","190","302","Placed","100500"
"932","Computer Science","12.5","11.9","0","190","278","Placed","155000"
"933","Engineering","30.7","29.2","0","190","429","0t Placed",""
"934","Finance","48.9","46.5","0","190","338","Placed","291000"
"935","Art","67.1","63.7","0","190","261","0t Placed",""
"936","Business","85.3","81.0","1","190","256","Placed","470333.33333333"
"937","Computer Science","","0.0","0","189","183","Placed","100500"
"938","Engineering","","0.0","0","189","274","0t Placed",""
"939","Finance","","0.0","0","189","182","Placed","149666.66666667"
"940","Art","","0.0","0","189","183","0t Placed",""
"941","Business","","0.0","0","189","309","Placed","155000"
"942","Computer Science","41.3","39.2","0","189","178","Placed","237000"
"943","Engineering","41.5","39.4","0","189","458","0t Placed",""
"944","Finance","41.7","39.6","0","189","234","Placed","155000"
"945","Art","41.9","39.8","0","189","306","0t Placed",""
"946","Business","42.1","40.0","1","189","400","Placed","141000"
"947","Computer Science","42.3","40.2","0","189","402.457789","Placed","100500"
"948","Engineering","42.5","40.4","0","189","404.915578","0t Placed",""
"949","Finance","42.7","40.6","0","188","407.373367","Placed","145000"
"950","Art","42.9","40.8","0","188","409.831156","0t Placed",""
"951","Business","43.1","40.9","0","188","412.288945","Placed","100500"
"952","Computer Science","43.3","41.1","0","188","414.746734","Placed","123666.66666667"
"953","Engineering","43.5","41.3","0","188","417.204523","0t Placed",""
"954","Finance","43.7","41.5","0","188","419.662312","Placed","183000"
"955","Art","43.9","41.7","0","188","422.120101","0t Placed",""
"956","Business","44.1","41.9","1","188","424.57789","Placed","149000"
"957","Computer Science","44.3","42.1","0","188","427.035679","Placed","100500"
"958","Engineering","44.5","42.3","0","188","429.493468","0t Placed",""
"959","Finance","44.7","42.5","0","188","200","Placed","100500"
"960","Art","44.9","42.7","0","187","200","0t Placed",""
"961","Business","45.1","42.8","0","187","199","Placed","100500"
"962","Computer Science","45.3","43.0","0","187","199","Placed","100500"
"963","Engineering","45.5","43.2","0","187","199","0t Placed",""
"964","Finance","45.7","43.4","0","187","199","Placed","209666.66666667"
"965","Art","45.9","43.6","0","187","199","0t Placed",""
"966","Business","46.1","43.8","1","187","199","Placed","100500"
"967","Computer Science","46.3","44.0","0","187","199","Placed","169666.66666667"
"968","Engineering","46.5","44.2","0","187","199","0t Placed",""
"969","Finance","46.7","44.4","0","187","199","Placed","156333.33333333"
"970","Art","46.9","44.6","0","187","199","0t Placed",""
"971","Business","47.1","44.7","0","187","199","Placed","167666.66666667"
"972","Computer Science","47.3","44.9","0","186","198","Placed","121000"
"973","Engineering","47.5","45.1","0","186","198","0t Placed",""
"974","Finance","47.7","45.3","0","186","198","Placed","162333.33333333"
"975","Art","47.9","45.5","0","186","198","0t Placed",""
"976","Business","48.1","45.7","1","186","198","Placed","149666.66666667"
"977","Computer Science","48.3","45.9","0","186","198","Placed","159666.66666667"
"978","Engineering","48.5","46.1","0","186","198","0t Placed",""
"979","Finance","48.7","46.3","0","186","198","Placed","129000"
"980","Art","48.9","46.5","0","186","198","0t Placed",""
"981","Business","49.1","46.6","0","186","198","Placed","91500"
"982","Computer Science","49.3","46.8","0","186","198","Placed","100500"
"983","Engineering","49.5","47.0","0","186","198","0t Placed",""
"984","Finance","49.7","47.2","0","185","197","Placed","113500"
"985","Art","49.9","47.4","0","185","197","0t Placed",""
"986","Business","50.1","47.6","1","185","197","Placed","100500"
"987","Computer Science","50.3","47.8","0","185","197","Placed","100500"
"988","Engineering","50.5","48.0","0","185","197","0t Placed",""
"989","Finance","50.7","48.2","0","185","197","Placed","100500"
"990","Art","50.9","48.4","0","185","197","0t Placed",""
"991","Business","51.1","48.5","0","185","197","Placed","86000"
"992","Computer Science","51.3","48.7","0","185","197","Placed","100500"
"993","Engineering","51.5","48.9","0","185","197","0t Placed",""
"994","Finance","51.7","49.1","0","185","197","Placed","100500"
"995","Art","51.9","49.3","0","184","197","0t Placed",""
"996","Business","52.1","49.5","1","184","196","Placed","99500"
"997","Computer Science","52.3","49.7","0","184","196","Placed","148000"
"998","Engineering","52.5","49.9","0","184","196","0t Placed",""
"999","Finance","52.7","50.1","0","184","196","Placed","82000"
"1000","Art","52.9","50.3","0","184","196","0t Placed",""
"1001","Business","53.1","50.4","0","184","196","Placed","103500"
"1002","Computer Science","53.3","50.6","0","184","196","Placed","100500"
"1003","Engineering","53.5","50.8","0","184","196","0t Placed",""
"1004","Finance","53.7","51.0","0","184","196","Placed","103500"
"1005","Art","53.9","51.2","0","184","196","0t Placed",""
"1006","Business","54.1","51.4","1","184","196","Placed","100500"
"1007","Computer Science","54.3","51.6","0","183","196","Placed","103500"
"1008","Engineering","54.5","51.8","0","183","195","0t Placed",""
"1009","Finance","54.7","52.0","0","183","195","Placed","103000"
"1010","Art","54.9","52.2","0","183","195","0t Placed",""
"1011","Business","55.1","52.3","0","183","195","Placed","165000"
"1012","Computer Science","55.3","52.5","0","183","195","Placed","124500"
"1013","Engineering","55.5","52.7","0","183","195","0t Placed",""
"1014","Finance","55.7","52.9","0","183","195","Placed","82500"
"1015","Art","55.9","53.1","0","183","195","0t Placed",""
"1016","Business","56.1","53.3","1","183","195","Placed","100500"
"1017","Computer Science","56.3","53.5","0","183","195","Placed","168000"
"1018","Engineering","56.5","53.7","0","183","195","0t Placed",""
"1019","Finance","56.7","53.9","0","182","194","Placed","100500"
"1020","Art","56.9","54.1","0","182","194","0t Placed",""
"1021","Business","57.1","54.2","0","182","194","Placed","80000"
"1022","Computer Science","57.3","54.4","0","182","194","Placed","100500"
"1023","Engineering","57.5","54.6","0","182","194","0t Placed",""
"1024","Finance","57.7","54.8","0","182","","Placed","100500"
"1025","Art","57.9","55.0","0","182","194","0t Placed",""
"1026","Business","58.1","55.2","1","182","194","Placed","100500"
"1027","Computer Science","58.3","55.4","0","182","194","Placed","100500"
"1028","Engineering","58.5","55.6","0","182","194","0t Placed",""
"1029","Finance","","0.0","0","182","194","Placed","124000"
"1030","Art","","0.0","0","182","","0t Placed",""
"1031","Business","","0.0","0","181","194","Placed","100500"
"1032","Computer Science","35.7","33.9","0","181","193","Placed","91500"
"1033","Engineering","36.3","34.5","0","181","193","0t Placed",""
"1034","Finance","36.9","35.1","0","181","193","Placed","100500"
"1035","Art","37.5","35.6","0","181","193","0t Placed",""
"1036","Business","38.1","36.2","1","181","193","Placed","114500"
"1037","Computer Science","38.7","36.8","0","181","193","Placed","100500"
"1038","Engineering","39.3","37.3","0","181","410","0t Placed",""
"1039","Finance","39.9","37.9","0","181","119","Placed","124000"
"1040","Art","40.5","38.5","0","181","334","0t Placed",""
"1041","Business","41.1","39.0","0","181","252","Placed","78000"
"1042","Computer Science","41.7","39.6","0","180","209","Placed","100500"
"1043","Engineering","42.3","40.2","0","180","462","0t Placed",""
"1044","Finance","42.9","40.8","0","180","342","Placed","100500"
"1045","Art","43.5","41.3","0","180","347","0t Placed",""
"1046","Business","44.1","41.9","1","180","313","Placed","107000"
"1047","Computer Science","44.7","42.5","0","180","232","Placed","100500"
"1048","Engineering","45.3","43.0","0","180","163","0t Placed",""
"1049","Finance","45.9","43.6","0","180","119","Placed","136333.33333333"
"1050","Art","46.5","44.2","0","180","304","0t Placed",""
"1051","Business","47.1","44.7","0","180","211","Placed","100500"
"1052","Computer Science","47.7","45.3","0","180","286","Placed","100500"
"1053","Engineering","48.3","45.9","0","180","122","0t Placed",""
"1054","Finance","48.9","46.5","0","179","443","Placed","100500"
"1055","Art","49.5","47.0","0","179","366","0t Placed",""
"1056","Business","50.1","47.6","1","179","244","Placed","100500"
"1057","Computer Science","50.7","48.2","0","179","241","Placed","149000"
"1058","Engineering","51.3","48.7","0","179","237","0t Placed",""
"1059","Finance","51.9","49.3","0","179","122","Placed","117666.66666667"
"1060","Art","52.5","49.9","0","179","129","0t Placed",""
"1061","Business","53.1","50.4","0","179","236","Placed","100500"
"1062","Computer Science","53.7","51.0","0","179","251","Placed","100500"
"1063","Engineering","54.3","51.6","0","179","283","0t Placed",""
"1064","Finance","54.9","52.2","0","179","225","Placed","225666.66666667"
"1065","Art","55.5","52.7","0","179","102","0t Placed",""
"1066","Business","56.1","53.3","1","178","180","Placed","214333.33333333"
"1067","Computer Science","56.7","53.9","0","178","247","Placed","100500"
"1068","Engineering","57.3","54.4","0","178","343","0t Placed",""
"1069","Finance","57.9","55.0","0","178","283","Placed","100500"
"1070","Art","58.5","55.6","0","178","253","0t Placed",""
"1071","Business","59.1","56.1","0","178","263","Placed","100500"
"1072","Computer Science","59.7","56.7","0","178","291","Placed","291000"
"1073","Engineering","60.3","57.3","0","178","368","0t Placed",""
"1074","Finance","60.9","57.9","0","178","206","Placed","470333.33333333"
"1075","Art","61.5","58.4","0","178","231","0t Placed",""
"1076","Business","62.1","59.0","1","178","389","Placed","155000"
"1077","Computer Science","62.7","59.6","0","177","396","Placed","149666.66666667"
"1078","Engineering","63.3","60.1","0","177","339","0t Placed",""
"1079","Finance","63.9","60.7","0","177","286","Placed","155000"
"1080","Art","64.5","61.3","0","177","146","0t Placed",""
"1081","Business","65.1","61.8","0","177","315","Placed","183000"
"1082","Computer Science","65.7","62.4","0","177","183","Placed","155000"
"1083","Engineering","66.3","63.0","0","177","481","0t Placed",""
"1084","Finance","66.9","63.6","0","177","349","Placed","141000"
"1085","Art","67.5","64.1","0","177","225","0t Placed",""
"1086","Business","68.1","64.7","1","177","217","Placed","241000"
"1087","Computer Science","68.7","65.3","0","177","353","Placed","145000"
"1088","Engineering","69.3","65.8","0","177","314","0t Placed",""
"1089","Finance","69.9","66.4","0","176","247","Placed","100500"
"1090","Art","70.5","67.0","0","176","410","0t Placed",""
"1091","Business","71.1","67.5","0","176","395","Placed","100500"
"1092","Computer Science","71.7","68.1","0","176","416","Placed","183000"
"1093","Engineering","72.3","68.7","0","176","342","0t Placed",""
"1094","Finance","72.9","69.3","0","176","446","Placed","149000"
"1095","Art","73.5","69.8","0","176","477","0t Placed",""
"1096","Business","74.1","70.4","1","176","444","Placed","100500"
"1097","Computer Science","74.7","71.0","0","176","351","Placed","100500"
"1098","Engineering","75.3","71.5","0","176","165","0t Placed",""
"1099","Finance","75.9","72.1","0","176","317","Placed","100500"
"1100","Art","76.5","72.7","0","176","250","0t Placed",""
"1101","Business","77.1","73.2","0","175","217","Placed","139000"
"1102","Computer Science","77.7","73.8","0","175","138","Placed","209666.66666667"
"1103","Engineering","78.3","74.4","0","175","302","0t Placed",""
"1104","Finance","78.9","75.0","0","175","311","Placed","100500"
"1105","Art","79.5","75.5","0","175","373","0t Placed",""
"1106","Business","80.1","76.1","1","175","196","Placed","100500"
"1107","Computer Science","80.7","76.7","0","175","306","Placed","156333.33333333"
"1108","Engineering","81.3","77.2","0","175","302","0t Placed",""
"1109","Finance","81.9","77.8","0","175","278","Placed","167666.66666667"
"1110","Art","82.5","78.4","0","175","429","0t Placed",""
"1111","Business","83.1","78.9","0","175","338","Placed","100500"
"1112","Computer Science","83.7","79.5","0","174","261","Placed","162333.33333333"
"1113","Engineering","84.3","80.1","0","174","256","0t Placed",""
"1114","Finance","84.9","80.7","0","174","183","Placed","149666.66666667"
"1115","Art","85.5","81.2","0","174","274","0t Placed",""
"1116","Business","86.1","81.8","1","174","182","Placed","100500"
"1117","Computer Science","86.7","82.4","0","174","183","Placed","129000"
"1118","Engineering","87.3","82.9","0","174","309","0t Placed",""
"1119","Finance","87.9","83.5","0","174","178","Placed","91500"
"1120","Art","88.5","84.1","0","174","458","0t Placed",""
"1121","Business","89.1","84.6","0","174","234","Placed","100500"
"1122","Computer Science","89.7","85.2","0","174","306","Placed","113500"
"1123","Engineering","90.3","85.8","0","174","400","0t Placed",""
"1124","Finance","90.9","86.4","0","173","","Placed","100500"
"1125","Art","91.5","86.9","0","173","","0t Placed",""
"1126","Business","92.1","87.5","1","173","","Placed","99000"
"1127","Computer Science","92.7","88.1","0","173","234","Placed","100500"
"1128","Engineering","93.3","88.6","0","173","236.9","0t Placed",""
"1129","Finance","93.9","89.2","0","173","239.8","Placed","86000"
"1130","Art","94.5","89.8","0","173","242.7","0t Placed",""
"1131","Business","95.1","90.3","0","173","245.6","Placed","100500"
"1132","Computer Science","95.7","90.9","0","173","248.5","Placed","100500"
"1133","Engineering","96.3","91.5","0","173","251.4","0t Placed",""
"1134","Finance","96.9","92.1","0","173","254.3","Placed","99500"
"1135","Art","97.5","92.6","0","173","257.2","0t Placed",""
"1136","Business","98.1","93.2","1","172","260.1","Placed","100500"
"1137","Computer Science","98.7","93.8","0","172","263","Placed","82000"
"1138","Engineering","99.3","94.3","0","172","265.9","0t Placed",""
"1139","Finance","99.9","94.9","0","172","268.8","Placed","103500"
"1140","Art","15.7","14.9","0","172","271.7","0t Placed",""
"1141","Business","16","15.2","0","172","274.6","Placed","205500"
"1142","Computer Science","16.3","15.5","0","172","277.5","Placed","103500"
"1143","Engineering","16.6","15.8","0","172","280.4","0t Placed",""
"1144","Finance","16.9","16.1","0","172","283.3","Placed","100500"
"1145","Art","17.2","16.3","0","172","286.2","0t Placed",""
"1146","Business","17.5","16.6","1","172","289.1","Placed","99500"
"1147","Computer Science","17.8","16.9","0","172","292","Placed","103000"
"1148","Engineering","18.1","17.2","0","171","294.9","0t Placed",""
"1149","Finance","18.4","17.5","0","171","297.8","Placed","165000"
"1150","Art","18.7","17.8","0","171","300.7","0t Placed",""
"1151","Business","19","18.1","0","171","303.6","Placed","103500"
"1152","Computer Science","19.3","18.3","0","171","306.5","Placed","82500"
"1153","Engineering","19.6","18.6","0","171","309.4","0t Placed",""
"1154","Finance","19.9","18.9","0","171","312.3","Placed","100500"
"1155","Art","20.2","19.2","0","171","315.2","0t Placed",""
"1156","Business","20.5","19.5","1","171","318.1","Placed","96000"
"1157","Computer Science","20.8","19.8","0","171","321","Placed","100500"
"1158","Engineering","21.1","20.0","0","171","323.9","0t Placed",""
"1159","Finance","21.4","20.3","0","170","326.8","Placed","80000"
"1160","Art","21.7","20.6","0","170","329.7","0t Placed",""
"1161","Business","22","20.9","0","170","332.6","Placed","124500"
"1162","Computer Science","22.3","21.2","0","170","335.5","Placed","100500"
"1163","Engineering","22.6","21.5","0","170","338.4","0t Placed",""
"1164","Finance","22.9","21.8","0","170","311","Placed","100500"
"1165","Art","23.2","22.0","0","170","314.1","0t Placed",""
"1166","Business","23.5","22.3","1","170","317.2","Placed","100500"
"1167","Computer Science","23.8","22.6","0","170","320.3","Placed","124000"
"1168","Engineering","24.1","22.9","0","170","323.4","0t Placed",""
"1169","Finance","24.4","23.2","0","170","326.5","Placed","100500"
"1170","Art","24.7","23.5","0","170","329.6","0t Placed",""
"1171","Business","25","23.8","0","169","332.7","Placed","144500"
"1172","Computer Science","25.3","24.0","0","169","335.8","Placed","100500"
"1173","Engineering","25.6","24.3","0","169","338.9","0t Placed",""
"1174","Finance","25.9","24.6","0","169","342","Placed","114500"
"1175","Art","26.2","24.9","0","169","345.1","0t Placed",""
"1176","Business","26.5","25.2","1","169","348.2","Placed","104500"
"1177","Computer Science","26.8","25.5","0","169","351.3","Placed","124000"
"1178","Engineering","27.1","25.7","0","169","354.4","0t Placed",""
"1179","Finance","27.4","26.0","0","169","357.5","Placed","78000"
"1180","Art","27.7","26.3","0","169","360.6","0t Placed",""
"1181","Business","28","26.6","0","169","363.7","Placed","109000"
"1182","Computer Science","28.3","26.9","0","169","366.8","Placed","100500"
"1183","Engineering","28.6","27.2","0","168","369.9","0t Placed",""
"1184","Finance","28.9","27.5","0","168","373","Placed","107000"
"1185","Art","29.2","27.7","0","168","376.1","0t Placed",""
"1186","Business","29.5","28.0","1","168","379.2","Placed","84000"
"1187","Computer Science","29.8","28.3","0","168","382.3","Placed","136333.33333333"
"1188","Engineering","30.1","28.6","0","168","385.4","0t Placed",""
"1189","Finance","30.4","28.9","0","168","388.5","Placed","100500"
"1190","Art","30.7","29.2","0","168","391.6","0t Placed",""
"1191","Business","31","29.4","0","168","394.7","Placed","168333.33333333"
"1192","Computer Science","31.3","29.7","0","168","397.8","Placed","100500"
"1193","Engineering","31.6","30.0","0","168","400.9","0t Placed",""
"1194","Finance","31.9","30.3","0","167","404","Placed","100500"
"1195","Art","32.2","30.6","0","167","407.1","0t Placed",""
"1196","Business","32.5","30.9","1","167","410.2","Placed","100500"
"1197","Computer Science","32.8","31.2","0","167","413.3","Placed","117666.66666667"
"1198","Engineering","33.1","31.4","0","167","416.4","0t Placed",""
"1199","Finance","33.4","31.7","0","167","419.5","Placed","100500"
"1200","Art","","0.0","0","167","422.6","0t Placed",""
